orderNumber,verdict,blockerReason,omsId,omsStatus,outboundId,outboundNumber,outboundStatus,restoreQtyTotal,restoreSlices,locationPaths,lots,skus,reservationCount,workflowCount,taskCount,manualChargeCount,documentCount,recordsToDelete
"OMS-2026-00018","SAFE","ALREADY_ROLLED_BACK (idempotent no-op)","87688c8f-ec53-4686-a5ac-79807c60d599","confirmed_waiting_for_admin_approval","","","","0","0","","","","0","0","0","0","0",""
"OMS-2026-00020","SAFE","ALREADY_ROLLED_BACK (idempotent no-op)","bac492f1-b3f4-4024-a3d3-e6ca721662bd","confirmed_waiting_for_admin_approval","","","","0","0","","","","0","0","0","0","0",""
"OMS-2026-00021","SAFE","ALREADY_ROLLED_BACK (idempotent no-op)","9af1994d-15e3-4e22-aff1-108cb51e33f3","confirmed_waiting_for_admin_approval","","","","0","0","","","","0","0","0","0","0",""
"OMS-2026-00022","SAFE","ALREADY_ROLLED_BACK (idempotent no-op)","a329bc5e-bcd9-4f75-b403-728e7c1d132b","confirmed_waiting_for_admin_approval","","","","0","0","","","","0","0","0","0","0",""
"OMS-2026-00025","SAFE","ALREADY_ROLLED_BACK (idempotent no-op)","b4d90cf4-3d85-4aac-aa5c-53e899f4c301","confirmed_waiting_for_admin_approval","","","","0","0","","","","0","0","0","0","0",""
"OMS-2026-00026","SAFE","ALREADY_ROLLED_BACK (idempotent no-op)","b6d55b5e-298e-41ca-b7a9-071c360f6c8a","confirmed_waiting_for_admin_approval","","","","0","0","","","","0","0","0","0","0",""
"OMS-2026-00027","SAFE","ALREADY_ROLLED_BACK (idempotent no-op)","a44ac2fd-e9e1-48ef-952a-68cb037d4241","confirmed_waiting_for_admin_approval","","","","0","0","","","","0","0","0","0","0",""
"OMS-2026-00028","SAFE","ALREADY_ROLLED_BACK (idempotent no-op)","8387b266-e7c8-42cd-b5fc-6631b489ec91","confirmed_waiting_for_admin_approval","","","","0","0","","","","0","0","0","0","0",""
"OMS-2026-00032","SAFE","ALREADY_ROLLED_BACK (idempotent no-op)","5f7cb459-932a-478a-bb43-c0810148c172","confirmed_waiting_for_admin_approval","","","","0","0","","","","0","0","0","0","0",""
"OMS-2026-00033","SAFE","ALREADY_ROLLED_BACK (idempotent no-op)","c73226af-e78e-4be6-b1bf-d4343bacf217","confirmed_waiting_for_admin_approval","","","","0","0","","","","0","0","0","0","0",""
"OMS-2026-00034","SAFE","ALREADY_ROLLED_BACK (idempotent no-op)","f37a005c-717d-499e-91e9-d728c6bbae5a","confirmed_waiting_for_admin_approval","","","","0","0","","","","0","0","0","0","0",""
"OMS-2026-00035","SAFE","ALREADY_ROLLED_BACK (idempotent no-op)","099ac23e-b387-40b1-9538-1e36b08db0ef","confirmed_waiting_for_admin_approval","","","","0","0","","","","0","0","0","0","0",""
"OMS-2026-00036","SAFE","ALREADY_ROLLED_BACK (idempotent no-op)","a3209353-4c48-40bd-9c39-1293cde789c9","confirmed_waiting_for_admin_approval","","","","0","0","","","","0","0","0","0","0",""
"OMS-2026-00037","SAFE","ALREADY_ROLLED_BACK (idempotent no-op)","14daeeca-03b6-4bdd-9c9d-80deec279240","confirmed_waiting_for_admin_approval","","","","0","0","","","","0","0","0","0","0",""
"OMS-2026-00038","SAFE","ALREADY_ROLLED_BACK (idempotent no-op)","f2cbfe52-095e-4701-a8e4-798e4285d178","confirmed_waiting_for_admin_approval","","","","0","0","","","","0","0","0","0","0",""
"OMS-2026-00039","SAFE","ALREADY_ROLLED_BACK (idempotent no-op)","dfb3793a-a570-471f-86bb-d825028e2722","confirmed_waiting_for_admin_approval","","","","0","0","","","","0","0","0","0","0",""
"OMS-2026-00040","SAFE","ALREADY_ROLLED_BACK (idempotent no-op)","697cc37d-7306-4584-83e8-79e76a9c8e3c","confirmed_waiting_for_admin_approval","","","","0","0","","","","0","0","0","0","0",""
"OMS-2026-00041","SAFE","ALREADY_ROLLED_BACK (idempotent no-op)","5f993cab-2ba7-46b2-a2e1-98b5b6a1158d","confirmed_waiting_for_admin_approval","","","","0","0","","","","0","0","0","0","0",""
"OMS-2026-00042","SAFE","ALREADY_ROLLED_BACK (idempotent no-op)","85e915c5-c2f6-4377-b68c-2c39f473b371","confirmed_waiting_for_admin_approval","","","","0","0","","","","0","0","0","0","0",""
"OMS-2026-00043","SAFE","ALREADY_ROLLED_BACK (idempotent no-op)","cb54107e-e7e3-43c9-b7ce-dd23335dd92a","confirmed_waiting_for_admin_approval","","","","0","0","","","","0","0","0","0","0",""
"OMS-2026-00044","SAFE","ALREADY_ROLLED_BACK (idempotent no-op)","a884435b-ce2d-4eba-9dfc-be32f564e670","confirmed_waiting_for_admin_approval","","","","0","0","","","","0","0","0","0","0",""
"OMS-2026-00046","SAFE","ALREADY_ROLLED_BACK (idempotent no-op)","d7c84928-27ab-4694-b22a-e5bc7fde5bc7","confirmed_waiting_for_admin_approval","","","","0","0","","","","0","0","0","0","0",""
"OMS-2026-00048","SAFE","ALREADY_ROLLED_BACK (idempotent no-op)","e6542ff9-4a6a-4d91-8576-1cc76cb1571d","confirmed_waiting_for_admin_approval","","","","0","0","","","","0","0","0","0","0",""
"OMS-2026-00050","SAFE","ALREADY_ROLLED_BACK (idempotent no-op)","0901e42a-f11a-4748-8454-e856bb2fd31b","confirmed_waiting_for_admin_approval","","","","0","0","","","","0","0","0","0","0",""
"OMS-2026-00051","SAFE","ALREADY_ROLLED_BACK (idempotent no-op)","dae992e5-7e23-4e74-9b05-b16e936de408","confirmed_waiting_for_admin_approval","","","","0","0","","","","0","0","0","0","0",""
"OMS-2026-00053","SAFE","ALREADY_ROLLED_BACK (idempotent no-op)","d55f9165-16d1-4905-b824-20e025c0d782","confirmed_waiting_for_admin_approval","","","","0","0","","","","0","0","0","0","0",""
"OMS-2026-00054","SAFE","ALREADY_ROLLED_BACK (idempotent no-op)","280d6480-ebb9-4742-ba81-1d682ba50da3","confirmed_waiting_for_admin_approval","","","","0","0","","","","0","0","0","0","0",""
"OMS-2026-00057","SAFE","ALREADY_ROLLED_BACK (idempotent no-op)","a2abeca8-d12e-4192-9552-f9f98790c01e","confirmed_waiting_for_admin_approval","","","","0","0","","","","0","0","0","0","0",""
"OMS-2026-00058","SAFE","ALREADY_ROLLED_BACK (idempotent no-op)","63fa7705-0d12-4cdd-b327-72a9f5b8254e","confirmed_waiting_for_admin_approval","","","","0","0","","","","0","0","0","0","0",""
"OMS-2026-00059","SAFE","ALREADY_ROLLED_BACK (idempotent no-op)","1f1a7647-969f-494f-83b7-8af6f78718a8","confirmed_waiting_for_admin_approval","","","","0","0","","","","0","0","0","0","0",""
"OMS-2026-00060","SAFE","ALREADY_ROLLED_BACK (idempotent no-op)","f2c936bd-f36f-46fe-985b-7b9ca2af2f10","confirmed_waiting_for_admin_approval","","","","0","0","","","","0","0","0","0","0",""
"OMS-2026-00061","SAFE","ALREADY_ROLLED_BACK (idempotent no-op)","b1128e33-39f3-4c93-8d3c-5c965bfad514","confirmed_waiting_for_admin_approval","","","","0","0","","","","0","0","0","0","0",""
"OMS-2026-00062","SAFE","ALREADY_ROLLED_BACK (idempotent no-op)","76c89552-9ac9-474f-88f7-33c0c2841f21","confirmed_waiting_for_admin_approval","","","","0","0","","","","0","0","0","0","0",""
"OMS-2026-00066","SAFE","ALREADY_ROLLED_BACK (idempotent no-op)","9c6dd482-4e38-4bbd-ad88-2931a0bc6b47","confirmed_waiting_for_admin_approval","","","","0","0","","","","0","0","0","0","0",""
"OMS-2026-00068","SAFE","ALREADY_ROLLED_BACK (idempotent no-op)","6a193b4e-b7ec-4b64-b8b7-f04bb68a4b6b","confirmed_waiting_for_admin_approval","","","","0","0","","","","0","0","0","0","0",""
"OMS-2026-00069","SAFE","ALREADY_ROLLED_BACK (idempotent no-op)","d0d35fdc-0a35-4229-8d64-0d247c446abf","confirmed_waiting_for_admin_approval","","","","0","0","","","","0","0","0","0","0",""
"OMS-2026-00070","SAFE","ALREADY_ROLLED_BACK (idempotent no-op)","45834936-fce9-4c13-b1e1-db75db042318","confirmed_waiting_for_admin_approval","","","","0","0","","","","0","0","0","0","0",""
"OMS-2026-00071","SAFE","ALREADY_ROLLED_BACK (idempotent no-op)","af30a4fb-232d-46a0-9e99-c4484143fcf8","confirmed_waiting_for_admin_approval","","","","0","0","","","","0","0","0","0","0",""
"OMS-2026-00072","SAFE","ALREADY_ROLLED_BACK (idempotent no-op)","0f8535f2-c126-49a7-b0e0-753d9cf7c19b","confirmed_waiting_for_admin_approval","","","","0","0","","","","0","0","0","0","0",""
"OMS-2026-00075","SAFE","ALREADY_ROLLED_BACK (idempotent no-op)","122cd854-5294-4d9c-8f55-a6b149a7df92","confirmed_waiting_for_admin_approval","","","","0","0","","","","0","0","0","0","0",""
"OMS-2026-00076","SAFE","ALREADY_ROLLED_BACK (idempotent no-op)","6c0cbaae-147c-404a-b756-e48eea66ac33","confirmed_waiting_for_admin_approval","","","","0","0","","","","0","0","0","0","0",""
"OMS-2026-00077","SAFE","ALREADY_ROLLED_BACK (idempotent no-op)","0800dfab-c49c-4ef5-a137-0b4f18ef77ac","confirmed_waiting_for_admin_approval","","","","0","0","","","","0","0","0","0","0",""
"OMS-2026-00078","SAFE","ALREADY_ROLLED_BACK (idempotent no-op)","32c0edbf-725e-442c-855a-b11c863d3e4c","confirmed_waiting_for_admin_approval","","","","0","0","","","","0","0","0","0","0",""
"OMS-2026-00079","SAFE","ALREADY_ROLLED_BACK (idempotent no-op)","64a96d45-cb29-4bea-8e35-02d7f6c90261","confirmed_waiting_for_admin_approval","","","","0","0","","","","0","0","0","0","0",""
"OMS-2026-00080","SAFE","ALREADY_ROLLED_BACK (idempotent no-op)","a67e7337-3bf4-41df-83b7-00b04cde3f3f","confirmed_waiting_for_admin_approval","","","","0","0","","","","0","0","0","0","0",""
"OMS-2026-00081","SAFE","ALREADY_ROLLED_BACK (idempotent no-op)","0944e317-30ba-4211-ab13-00eb3ca8f30c","confirmed_waiting_for_admin_approval","","","","0","0","","","","0","0","0","0","0",""
"OMS-2026-00084","SAFE","ALREADY_ROLLED_BACK (idempotent no-op)","d9730696-03e9-45df-aedb-f1bf253b85bc","confirmed_waiting_for_admin_approval","","","","0","0","","","","0","0","0","0","0",""
"OMS-2026-00085","SAFE","ALREADY_ROLLED_BACK (idempotent no-op)","f9e7a98f-ee14-4c88-a17a-fdd3d945240e","confirmed_waiting_for_admin_approval","","","","0","0","","","","0","0","0","0","0",""
"OMS-2026-00086","SAFE","ALREADY_ROLLED_BACK (idempotent no-op)","30237992-f3e4-4658-a4cf-dd32a5e89452","confirmed_waiting_for_admin_approval","","","","0","0","","","","0","0","0","0","0",""
"OMS-2026-00087","SAFE","ALREADY_ROLLED_BACK (idempotent no-op)","2fdf5484-dc01-4da8-b321-85a11499c00d","confirmed_waiting_for_admin_approval","","","","0","0","","","","0","0","0","0","0",""
"OMS-2026-00088","SAFE","ALREADY_ROLLED_BACK (idempotent no-op)","0a6ece61-af84-429a-b095-8f6964c6896d","confirmed_waiting_for_admin_approval","","","","0","0","","","","0","0","0","0","0",""
"OMS-2026-00095","SAFE","ALREADY_ROLLED_BACK (idempotent no-op)","ff1eae73-8ec9-4f0e-9506-9134d94548d5","confirmed_waiting_for_admin_approval","","","","0","0","","","","0","0","0","0","0",""
"OMS-2026-00101","SAFE","ALREADY_ROLLED_BACK (idempotent no-op)","77a7d78f-20ca-49fa-ae7e-3dce8b3cdcc4","confirmed_waiting_for_admin_approval","","","","0","0","","","","0","0","0","0","0",""
"OMS-2026-00104","SAFE","ALREADY_ROLLED_BACK (idempotent no-op)","4c9fcbce-6a36-4563-b30d-88645abbffd0","confirmed_waiting_for_admin_approval","","","","0","0","","","","0","0","0","0","0",""
"OMS-2026-00107","SAFE","ALREADY_ROLLED_BACK (idempotent no-op)","2445277e-0132-4775-a1cb-18eb76ecfa82","confirmed_waiting_for_admin_approval","","","","0","0","","","","0","0","0","0","0",""
"OMS-2026-00110","SAFE","ALREADY_ROLLED_BACK (idempotent no-op)","869ad54f-5bd8-4e24-9d3b-0a161fdd3934","confirmed_waiting_for_admin_approval","","","","0","0","","","","0","0","0","0","0",""
"OMS-2026-00111","SAFE","ALREADY_ROLLED_BACK (idempotent no-op)","ee2bbd56-3cd2-4209-b173-b976c16cbd19","confirmed_waiting_for_admin_approval","","","","0","0","","","","0","0","0","0","0",""
"OMS-2026-00113","SAFE","ALREADY_ROLLED_BACK (idempotent no-op)","63a57e25-2733-4759-a61a-c0ccdcf301ff","confirmed_waiting_for_admin_approval","","","","0","0","","","","0","0","0","0","0",""
"OMS-2026-00116","SAFE","ALREADY_ROLLED_BACK (idempotent no-op)","40ecea04-abd1-46aa-bb23-5cfe57fae8bb","confirmed_waiting_for_admin_approval","","","","0","0","","","","0","0","0","0","0",""
"OMS-2026-00117","SAFE","ALREADY_ROLLED_BACK (idempotent no-op)","f8a52d91-754b-451e-a76e-a349a2045645","confirmed_waiting_for_admin_approval","","","","0","0","","","","0","0","0","0","0",""
"OMS-2026-00119","SAFE","ALREADY_ROLLED_BACK (idempotent no-op)","4e47424e-b145-49a2-a55d-8c04af494110","confirmed_waiting_for_admin_approval","","","","0","0","","","","0","0","0","0","0",""
"OMS-2026-00120","SAFE","ALREADY_ROLLED_BACK (idempotent no-op)","1cd6846d-9c9a-47d1-8165-806b8c7ea26a","confirmed_waiting_for_admin_approval","","","","0","0","","","","0","0","0","0","0",""
"OMS-2026-00122","SAFE","ALREADY_ROLLED_BACK (idempotent no-op)","ba1e7c85-493e-47f2-b17a-99467760d778","confirmed_waiting_for_admin_approval","","","","0","0","","","","0","0","0","0","0",""
"OMS-2026-00125","SAFE","ALREADY_ROLLED_BACK (idempotent no-op)","d2d3c615-48c8-48b4-8143-9a040dc293b7","confirmed_waiting_for_admin_approval","","","","0","0","","","","0","0","0","0","0",""
"OMS-2026-00127","SAFE","ALREADY_ROLLED_BACK (idempotent no-op)","779da0db-024a-4080-b9d0-2d7a9faeeed2","confirmed_waiting_for_admin_approval","","","","0","0","","","","0","0","0","0","0",""
"OMS-2026-00128","SAFE","ALREADY_ROLLED_BACK (idempotent no-op)","7efef7ba-291b-47a5-aac3-ce1b3cdbcf0a","confirmed_waiting_for_admin_approval","","","","0","0","","","","0","0","0","0","0",""
"OMS-2026-00130","SAFE","ALREADY_ROLLED_BACK (idempotent no-op)","16fb77d7-1330-4651-8e91-9f2e2d07e2af","confirmed_waiting_for_admin_approval","","","","0","0","","","","0","0","0","0","0",""
"OMS-2026-00131","SAFE","ALREADY_ROLLED_BACK (idempotent no-op)","af0249d4-d6e9-4357-8e80-095cb2f14400","confirmed_waiting_for_admin_approval","","","","0","0","","","","0","0","0","0","0",""
"OMS-2026-00132","SAFE","ALREADY_ROLLED_BACK (idempotent no-op)","a34729b3-d5b2-4eb9-bb54-b055f8dced79","confirmed_waiting_for_admin_approval","","","","0","0","","","","0","0","0","0","0",""
"OMS-2026-00133","SAFE","ALREADY_ROLLED_BACK (idempotent no-op)","2eff47aa-6ab1-4872-9028-9fe8f77b12c0","confirmed_waiting_for_admin_approval","","","","0","0","","","","0","0","0","0","0",""
"OMS-2026-00134","SAFE","ALREADY_ROLLED_BACK (idempotent no-op)","19ec3f7a-df00-4d5a-b9b7-17b2d852b8fb","confirmed_waiting_for_admin_approval","","","","0","0","","","","0","0","0","0","0",""
"OMS-2026-00135","SAFE","ALREADY_ROLLED_BACK (idempotent no-op)","4abfeb08-862e-40a7-a0cc-88c9bc0d0755","confirmed_waiting_for_admin_approval","","","","0","0","","","","0","0","0","0","0",""
"OMS-2026-00136","SAFE","ALREADY_ROLLED_BACK (idempotent no-op)","07900bab-b028-4ee2-9282-f924485df795","confirmed_waiting_for_admin_approval","","","","0","0","","","","0","0","0","0","0",""
"OMS-2026-00137","SAFE","ALREADY_ROLLED_BACK (idempotent no-op)","8be64285-0a03-4f9a-8df7-eb5af28e4341","confirmed_waiting_for_admin_approval","","","","0","0","","","","0","0","0","0","0",""
"OMS-2026-00139","SAFE","ALREADY_ROLLED_BACK (idempotent no-op)","79d83ce5-8268-4877-b642-14463a6ae91d","confirmed_waiting_for_admin_approval","","","","0","0","","","","0","0","0","0","0",""
"OMS-2026-00140","SAFE","ALREADY_ROLLED_BACK (idempotent no-op)","e69ae965-2a70-4753-a452-a940a0e14758","confirmed_waiting_for_admin_approval","","","","0","0","","","","0","0","0","0","0",""
"OMS-2026-00141","SAFE","ALREADY_ROLLED_BACK (idempotent no-op)","4b56fb7c-41df-4f83-9362-ce761ebf6540","confirmed_waiting_for_admin_approval","","","","0","0","","","","0","0","0","0","0",""
"OMS-2026-00142","SAFE","ALREADY_ROLLED_BACK (idempotent no-op)","e07abe53-e3ea-406e-934b-f4428b1d23d4","confirmed_waiting_for_admin_approval","","","","0","0","","","","0","0","0","0","0",""
"OMS-2026-00143","SAFE","ALREADY_ROLLED_BACK (idempotent no-op)","b4bbf10d-8283-4d7a-976f-d14e99aa291b","confirmed_waiting_for_admin_approval","","","","0","0","","","","0","0","0","0","0",""
"OMS-2026-00145","SAFE","ALREADY_ROLLED_BACK (idempotent no-op)","06318ffb-e043-4156-a0a0-e860b3d6cfea","confirmed_waiting_for_admin_approval","","","","0","0","","","","0","0","0","0","0",""
"OMS-2026-00146","SAFE","ALREADY_ROLLED_BACK (idempotent no-op)","77b12046-9920-4cb2-a793-6d0794ab7874","confirmed_waiting_for_admin_approval","","","","0","0","","","","0","0","0","0","0",""
"OMS-2026-00147","SAFE","ALREADY_ROLLED_BACK (idempotent no-op)","3a7da91a-3f63-4351-a53c-5da3a2cb0fa9","confirmed_waiting_for_admin_approval","","","","0","0","","","","0","0","0","0","0",""
"OMS-2026-00154","SAFE","ALREADY_ROLLED_BACK (idempotent no-op)","76c4b64e-08bc-4fac-b540-951218773cff","confirmed_waiting_for_admin_approval","","","","0","0","","","","0","0","0","0","0",""
"OMS-2026-00156","SAFE","ALREADY_ROLLED_BACK (idempotent no-op)","2bbd480e-b3cd-4142-a167-44febdc62218","confirmed_waiting_for_admin_approval","","","","0","0","","","","0","0","0","0","0",""
"OMS-2026-00158","SAFE","ALREADY_ROLLED_BACK (idempotent no-op)","627ed116-d490-44f3-b01f-ef5c4ab78e25","confirmed_waiting_for_admin_approval","","","","0","0","","","","0","0","0","0","0",""
"OMS-2026-00160","SAFE","ALREADY_ROLLED_BACK (idempotent no-op)","8f371010-12d6-4f40-8a96-04cfc519b8a7","confirmed_waiting_for_admin_approval","","","","0","0","","","","0","0","0","0","0",""
"OMS-2026-00161","SAFE","ALREADY_ROLLED_BACK (idempotent no-op)","ecf0fd68-70b9-4a3d-99f5-c7920fbd2ae2","confirmed_waiting_for_admin_approval","","","","0","0","","","","0","0","0","0","0",""
"OMS-2026-00164","SAFE","ALREADY_ROLLED_BACK (idempotent no-op)","a14e2134-97b2-4cfa-a633-648c1aff5f90","confirmed_waiting_for_admin_approval","","","","0","0","","","","0","0","0","0","0",""
"OMS-2026-00165","SAFE","ALREADY_ROLLED_BACK (idempotent no-op)","ffe8f648-7193-4294-85d3-cb1da911449d","confirmed_waiting_for_admin_approval","","","","0","0","","","","0","0","0","0","0",""
"OMS-2026-00170","SAFE","ALREADY_ROLLED_BACK (idempotent no-op)","1f9eed84-724a-46c1-b226-221ebede6c39","confirmed_waiting_for_admin_approval","","","","0","0","","","","0","0","0","0","0",""
"OMS-2026-00171","SAFE","ALREADY_ROLLED_BACK (idempotent no-op)","92b6aecd-affa-40a4-99b7-4061d32cb829","confirmed_waiting_for_admin_approval","","","","0","0","","","","0","0","0","0","0",""
"OMS-2026-00177","SAFE","ALREADY_ROLLED_BACK (idempotent no-op)","e2a993cd-a2d3-4104-806e-7847c3d86e96","confirmed_waiting_for_admin_approval","","","","0","0","","","","0","0","0","0","0",""
"OMS-2026-00181","SAFE","ALREADY_ROLLED_BACK (idempotent no-op)","f97e03c8-7d4e-4cfe-860e-13c4ac1bf32e","confirmed_waiting_for_admin_approval","","","","0","0","","","","0","0","0","0","0",""
"OMS-2026-00193","SAFE","ALREADY_ROLLED_BACK (idempotent no-op)","9d49db8e-d7fa-4a0d-b471-353717ced49e","confirmed_waiting_for_admin_approval","","","","0","0","","","","0","0","0","0","0",""
"OMS-2026-00294","SAFE","ALREADY_ROLLED_BACK (idempotent no-op)","403664fe-4197-478c-a5af-7037241f47b6","confirmed_waiting_for_admin_approval","","","","0","0","","","","0","0","0","0","0",""
"OMS-2026-00342","SAFE","ALREADY_ROLLED_BACK (idempotent no-op)","cdad2737-706a-4fb0-86fb-85e7abbfb3c2","confirmed_waiting_for_admin_approval","","","","0","0","","","","0","0","0","0","0",""
"OMS-2026-00345","SAFE","ALREADY_ROLLED_BACK (idempotent no-op)","0bf1f5a8-910b-433f-9a6a-28f67b323dc2","confirmed_waiting_for_admin_approval","","","","0","0","","","","0","0","0","0","0",""
"OMS-2026-00351","SAFE","ALREADY_ROLLED_BACK (idempotent no-op)","9f854f04-b847-40e2-8873-330706beaae9","confirmed_waiting_for_admin_approval","","","","0","0","","","","0","0","0","0","0",""
"OMS-2026-00352","SAFE","ALREADY_ROLLED_BACK (idempotent no-op)","a38c3d9d-4d2e-4425-8637-a74eece23d24","confirmed_waiting_for_admin_approval","","","","0","0","","","","0","0","0","0","0",""
"OMS-2026-00356","SAFE","ALREADY_ROLLED_BACK (idempotent no-op)","73b95e53-dce7-4994-a050-4591ce750f25","confirmed_waiting_for_admin_approval","","","","0","0","","","","0","0","0","0","0",""
"OMS-2026-00359","SAFE","ALREADY_ROLLED_BACK (idempotent no-op)","3d2ec611-3742-486f-9545-4a729df19695","confirmed_waiting_for_admin_approval","","","","0","0","","","","0","0","0","0","0",""
"OMS-2026-00361","SAFE","ALREADY_ROLLED_BACK (idempotent no-op)","875b2ac2-f1e2-4837-934d-abb5b582a1e5","confirmed_waiting_for_admin_approval","","","","0","0","","","","0","0","0","0","0",""
"OMS-2026-00367","SAFE","ALREADY_ROLLED_BACK (idempotent no-op)","3ee99767-b654-47d3-b744-a7df21e715a4","confirmed_waiting_for_admin_approval","","","","0","0","","","","0","0","0","0","0",""
"OMS-2026-00371","SAFE","ALREADY_ROLLED_BACK (idempotent no-op)","60654ade-f97a-418a-a898-b60d479a9d48","confirmed_waiting_for_admin_approval","","","","0","0","","","","0","0","0","0","0",""
"OMS-2026-00386","SAFE","ALREADY_ROLLED_BACK (idempotent no-op)","33353506-0b0d-49e9-b24c-579b976feb5b","confirmed_waiting_for_admin_approval","","","","0","0","","","","0","0","0","0","0",""
"OMS-2026-00388","SAFE","ALREADY_ROLLED_BACK (idempotent no-op)","e5ac3f3d-1b23-4af6-a2f2-1600a8cfc61e","confirmed_waiting_for_admin_approval","","","","0","0","","","","0","0","0","0","0",""
"OMS-2026-00391","SAFE","ALREADY_ROLLED_BACK (idempotent no-op)","eeb65a0b-c386-44c1-9384-9383db5aa940","confirmed_waiting_for_admin_approval","","","","0","0","","","","0","0","0","0","0",""
"OMS-2026-00397","SAFE","ALREADY_ROLLED_BACK (idempotent no-op)","7820f9b0-5090-407e-b777-cf0815af309b","confirmed_waiting_for_admin_approval","","","","0","0","","","","0","0","0","0","0",""
"OMS-2026-00398","SAFE","ALREADY_ROLLED_BACK (idempotent no-op)","fdc012cf-b6dc-454f-88b7-80820dd44000","confirmed_waiting_for_admin_approval","","","","0","0","","","","0","0","0","0","0",""
"OMS-2026-00401","SAFE","ALREADY_ROLLED_BACK (idempotent no-op)","cc5f9f6f-5a0c-4c89-9745-2837f5da7aaf","confirmed_waiting_for_admin_approval","","","","0","0","","","","0","0","0","0","0",""
"OMS-2026-00402","SAFE","ALREADY_ROLLED_BACK (idempotent no-op)","5075d126-a597-4eac-9522-72817aab8b9d","confirmed_waiting_for_admin_approval","","","","0","0","","","","0","0","0","0","0",""
"OMS-2026-00404","SAFE","ALREADY_ROLLED_BACK (idempotent no-op)","ec55ae11-e6f9-4547-a524-c1f96c401cd5","confirmed_waiting_for_admin_approval","","","","0","0","","","","0","0","0","0","0",""
"OMS-2026-00405","SAFE","ALREADY_ROLLED_BACK (idempotent no-op)","f58acf1b-6a4f-46c9-aecf-c4d5776f4b87","confirmed_waiting_for_admin_approval","","","","0","0","","","","0","0","0","0","0",""
"OMS-2026-00406","SAFE","ALREADY_ROLLED_BACK (idempotent no-op)","3c07554c-9079-40c9-afb8-f20c11b80dd7","confirmed_waiting_for_admin_approval","","","","0","0","","","","0","0","0","0","0",""
"OMS-2026-00407","SAFE","ALREADY_ROLLED_BACK (idempotent no-op)","67ffbff0-d15c-4c1f-8270-dfde8b96a699","confirmed_waiting_for_admin_approval","","","","0","0","","","","0","0","0","0","0",""
"OMS-2026-00408","SAFE","ALREADY_ROLLED_BACK (idempotent no-op)","b8fa0738-a30a-4fe1-83ca-e742714a2115","confirmed_waiting_for_admin_approval","","","","0","0","","","","0","0","0","0","0",""
"OMS-2026-00411","SAFE","ALREADY_ROLLED_BACK (idempotent no-op)","9d972f24-5d34-4e7a-aaba-153b82b890a8","confirmed_waiting_for_admin_approval","","","","0","0","","","","0","0","0","0","0",""
"OMS-2026-00412","SAFE","ALREADY_ROLLED_BACK (idempotent no-op)","ea171fce-7e2b-4ee3-90c4-9d4344d270b1","confirmed_waiting_for_admin_approval","","","","0","0","","","","0","0","0","0","0",""
"OMS-2026-00413","SAFE","ALREADY_ROLLED_BACK (idempotent no-op)","ea082fa4-01ee-4bbb-9c68-492dc5132f04","confirmed_waiting_for_admin_approval","","","","0","0","","","","0","0","0","0","0",""
"OMS-2026-00414","SAFE","ALREADY_ROLLED_BACK (idempotent no-op)","c487d459-79c3-444b-aa6b-f1815fcf9f87","confirmed_waiting_for_admin_approval","","","","0","0","","","","0","0","0","0","0",""
"OMS-2026-00416","SAFE","ALREADY_ROLLED_BACK (idempotent no-op)","690e54dd-5dbd-4c16-a5f5-4de2d649beaa","confirmed_waiting_for_admin_approval","","","","0","0","","","","0","0","0","0","0",""
"OMS-2026-00419","SAFE","ALREADY_ROLLED_BACK (idempotent no-op)","8b1382e7-7de8-4c65-b7c3-2b726ca51369","confirmed_waiting_for_admin_approval","","","","0","0","","","","0","0","0","0","0",""
"OMS-2026-00420","SAFE","ALREADY_ROLLED_BACK (idempotent no-op)","5cbb0c72-b02b-4c04-8ff0-894709fa0887","confirmed_waiting_for_admin_approval","","","","0","0","","","","0","0","0","0","0",""
"OMS-2026-00421","SAFE","ALREADY_ROLLED_BACK (idempotent no-op)","1d55216f-d75e-4326-b496-13dc14921419","confirmed_waiting_for_admin_approval","","","","0","0","","","","0","0","0","0","0",""
"OMS-2026-00422","SAFE","ALREADY_ROLLED_BACK (idempotent no-op)","b5446221-7f7c-48b8-9081-c5b5728e4dbe","confirmed_waiting_for_admin_approval","","","","0","0","","","","0","0","0","0","0",""
"OMS-2026-00424","SAFE","ALREADY_ROLLED_BACK (idempotent no-op)","df12d526-eb0b-4d3b-805a-6045298b1b2b","confirmed_waiting_for_admin_approval","","","","0","0","","","","0","0","0","0","0",""
"OMS-2026-00425","SAFE","ALREADY_ROLLED_BACK (idempotent no-op)","9bfeed8a-f1a3-4407-a0ae-56fd07c13ddf","confirmed_waiting_for_admin_approval","","","","0","0","","","","0","0","0","0","0",""
"OMS-2026-00427","SAFE","ALREADY_ROLLED_BACK (idempotent no-op)","1dea9130-9ac2-4cfe-bf87-ee1d8f7a8a47","confirmed_waiting_for_admin_approval","","","","0","0","","","","0","0","0","0","0",""
"OMS-2026-00428","SAFE","ALREADY_ROLLED_BACK (idempotent no-op)","228a48fd-6141-4302-a838-2f3d6adee148","confirmed_waiting_for_admin_approval","","","","0","0","","","","0","0","0","0","0",""
"OMS-2026-00429","SAFE","ALREADY_ROLLED_BACK (idempotent no-op)","8eb2664b-f114-487d-bab8-5d8d7814f5f9","confirmed_waiting_for_admin_approval","","","","0","0","","","","0","0","0","0","0",""
"OMS-2026-00430","SAFE","ALREADY_ROLLED_BACK (idempotent no-op)","dbda6757-7bbc-4c38-a7cc-4426b693e16b","confirmed_waiting_for_admin_approval","","","","0","0","","","","0","0","0","0","0",""
"OMS-2026-00431","SAFE","ALREADY_ROLLED_BACK (idempotent no-op)","9e7b9924-e792-476d-afdc-beeee7b44323","confirmed_waiting_for_admin_approval","","","","0","0","","","","0","0","0","0","0",""
"OMS-2026-00432","SAFE","ALREADY_ROLLED_BACK (idempotent no-op)","342eb18a-7673-4d19-a0b9-53f2cae32e84","confirmed_waiting_for_admin_approval","","","","0","0","","","","0","0","0","0","0",""
"OMS-2026-00433","SAFE","ALREADY_ROLLED_BACK (idempotent no-op)","2e53de5f-d17c-4267-9b88-333b229ad683","confirmed_waiting_for_admin_approval","","","","0","0","","","","0","0","0","0","0",""
"OMS-2026-00435","SAFE","ALREADY_ROLLED_BACK (idempotent no-op)","f5f05a69-6bfe-48ef-9dce-416a08db2023","confirmed_waiting_for_admin_approval","","","","0","0","","","","0","0","0","0","0",""
"OMS-2026-00437","SAFE","ALREADY_ROLLED_BACK (idempotent no-op)","aea57180-97e0-4351-ae2a-ebf12bd57bed","confirmed_waiting_for_admin_approval","","","","0","0","","","","0","0","0","0","0",""
"OMS-2026-00438","SAFE","ALREADY_ROLLED_BACK (idempotent no-op)","8a4ea72e-7757-44c6-8a86-cc865a270485","confirmed_waiting_for_admin_approval","","","","0","0","","","","0","0","0","0","0",""
"OMS-2026-00439","SAFE","ALREADY_ROLLED_BACK (idempotent no-op)","d4cc088c-28ff-46b4-aa12-b7d9860e315f","confirmed_waiting_for_admin_approval","","","","0","0","","","","0","0","0","0","0",""
"OMS-2026-00440","SAFE","ALREADY_ROLLED_BACK (idempotent no-op)","ffee2dab-e256-430f-a6ef-e5065c0f7932","confirmed_waiting_for_admin_approval","","","","0","0","","","","0","0","0","0","0",""
"OMS-2026-00441","SAFE","ALREADY_ROLLED_BACK (idempotent no-op)","df8ac7fa-3288-4736-81e9-95c7642fc76d","confirmed_waiting_for_admin_approval","","","","0","0","","","","0","0","0","0","0",""
"OMS-2026-00447","SAFE","ALREADY_ROLLED_BACK (idempotent no-op)","060ce440-fa1b-44f2-abf6-1bcc8b25ed67","confirmed_waiting_for_admin_approval","","","","0","0","","","","0","0","0","0","0",""
"OMS-2026-00450","SAFE","ALREADY_ROLLED_BACK (idempotent no-op)","c7fbadea-7c59-41b5-8cea-1970921f5d41","confirmed_waiting_for_admin_approval","","","","0","0","","","","0","0","0","0","0",""
"OMS-2026-00453","SAFE","ALREADY_ROLLED_BACK (idempotent no-op)","ff33674b-8322-4e3d-92de-e49c129d185d","confirmed_waiting_for_admin_approval","","","","0","0","","","","0","0","0","0","0",""
"OMS-2026-00456","SAFE","ALREADY_ROLLED_BACK (idempotent no-op)","d287d5fb-c123-4142-ba6e-afe9e1257475","confirmed_waiting_for_admin_approval","","","","0","0","","","","0","0","0","0","0",""
"OMS-2026-00457","SAFE","ALREADY_ROLLED_BACK (idempotent no-op)","84c855bd-b649-429d-b6b6-830bb9ee0b4e","confirmed_waiting_for_admin_approval","","","","0","0","","","","0","0","0","0","0",""
"OMS-2026-00459","SAFE","ALREADY_ROLLED_BACK (idempotent no-op)","5d7c22ae-e213-4cb0-b0ad-f90740b85093","confirmed_waiting_for_admin_approval","","","","0","0","","","","0","0","0","0","0",""
"OMS-2026-00460","SAFE","ALREADY_ROLLED_BACK (idempotent no-op)","dba10e1c-9a8c-4cba-97ba-35b38747f04d","confirmed_waiting_for_admin_approval","","","","0","0","","","","0","0","0","0","0",""
"OMS-2026-00461","SAFE","ALREADY_ROLLED_BACK (idempotent no-op)","e8ae6372-0cc6-4c78-82d7-ef98431c3c6e","confirmed_waiting_for_admin_approval","","","","0","0","","","","0","0","0","0","0",""
"OMS-2026-00462","SAFE","ALREADY_ROLLED_BACK (idempotent no-op)","2be0c587-153d-4d73-b09b-ed4fba785e33","confirmed_waiting_for_admin_approval","","","","0","0","","","","0","0","0","0","0",""
"OMS-2026-00463","SAFE","ALREADY_ROLLED_BACK (idempotent no-op)","23ddb1e2-c243-49e6-b5fc-04e1a83dfb1e","confirmed_waiting_for_admin_approval","","","","0","0","","","","0","0","0","0","0",""
"OMS-2026-00464","SAFE","ALREADY_ROLLED_BACK (idempotent no-op)","8ede2064-2443-4f31-b4b6-f8c9a1a08112","confirmed_waiting_for_admin_approval","","","","0","0","","","","0","0","0","0","0",""
"OMS-2026-00465","SAFE","ALREADY_ROLLED_BACK (idempotent no-op)","66486e9d-77c4-493f-9719-ecd28fe3ae04","confirmed_waiting_for_admin_approval","","","","0","0","","","","0","0","0","0","0",""
"OMS-2026-00466","SAFE","ALREADY_ROLLED_BACK (idempotent no-op)","1ee6460c-ca34-4631-bf52-d25f21becd0e","confirmed_waiting_for_admin_approval","","","","0","0","","","","0","0","0","0","0",""
"OMS-2026-00468","SAFE","ALREADY_ROLLED_BACK (idempotent no-op)","2d61f69a-ac4f-4f12-b008-1b888be21be7","confirmed_waiting_for_admin_approval","","","","0","0","","","","0","0","0","0","0",""
"OMS-2026-00469","SAFE","ALREADY_ROLLED_BACK (idempotent no-op)","3caff526-ad51-47e7-be99-d6e968994e16","confirmed_waiting_for_admin_approval","","","","0","0","","","","0","0","0","0","0",""
"OMS-2026-00470","SAFE","ALREADY_ROLLED_BACK (idempotent no-op)","f478903d-d666-4907-906a-a75a24e77002","confirmed_waiting_for_admin_approval","","","","0","0","","","","0","0","0","0","0",""
"OMS-2026-00471","SAFE","ALREADY_ROLLED_BACK (idempotent no-op)","860657a0-b1ce-4675-8e33-d13b8400b8bf","confirmed_waiting_for_admin_approval","","","","0","0","","","","0","0","0","0","0",""
"OMS-2026-00472","SAFE","ALREADY_ROLLED_BACK (idempotent no-op)","91361778-bad1-4c80-a7c0-fdf1b708367a","confirmed_waiting_for_admin_approval","","","","0","0","","","","0","0","0","0","0",""
"OMS-2026-00473","SAFE","ALREADY_ROLLED_BACK (idempotent no-op)","4234874d-df37-4b18-af88-5d8f40addde0","confirmed_waiting_for_admin_approval","","","","0","0","","","","0","0","0","0","0",""
"OMS-2026-00474","SAFE","ALREADY_ROLLED_BACK (idempotent no-op)","faf62609-58cb-4fc7-9787-8b5ea806009a","confirmed_waiting_for_admin_approval","","","","0","0","","","","0","0","0","0","0",""
"OMS-2026-00475","SAFE","ALREADY_ROLLED_BACK (idempotent no-op)","14baf3eb-2729-443e-a82c-48afaf98fcd3","confirmed_waiting_for_admin_approval","","","","0","0","","","","0","0","0","0","0",""
"OMS-2026-00476","SAFE","ALREADY_ROLLED_BACK (idempotent no-op)","4608decd-fb36-40da-957d-25221be12640","confirmed_waiting_for_admin_approval","","","","0","0","","","","0","0","0","0","0",""
"OMS-2026-00477","SAFE","ALREADY_ROLLED_BACK (idempotent no-op)","4ea50741-d5fc-4fcb-a09c-a9f06c5e8b65","confirmed_waiting_for_admin_approval","","","","0","0","","","","0","0","0","0","0",""
"OMS-2026-00480","SAFE","ALREADY_ROLLED_BACK (idempotent no-op)","3df41e9f-f55d-4a5d-adaf-37584f9130a1","confirmed_waiting_for_admin_approval","","","","0","0","","","","0","0","0","0","0",""
"OMS-2026-00481","SAFE","ALREADY_ROLLED_BACK (idempotent no-op)","9b4b34f7-6ec6-4e4a-ad67-f8ab734796cf","confirmed_waiting_for_admin_approval","","","","0","0","","","","0","0","0","0","0",""
"OMS-2026-00483","SAFE","ALREADY_ROLLED_BACK (idempotent no-op)","070fb459-f9a7-4275-ac40-1f86365f76a8","confirmed_waiting_for_admin_approval","","","","0","0","","","","0","0","0","0","0",""
"OMS-2026-00484","SAFE","ALREADY_ROLLED_BACK (idempotent no-op)","a3cfea30-5fb6-43dc-a433-308a846ce6e9","confirmed_waiting_for_admin_approval","","","","0","0","","","","0","0","0","0","0",""
"OMS-2026-00485","SAFE","ALREADY_ROLLED_BACK (idempotent no-op)","28f94239-53b1-4448-8817-43c84e456e40","confirmed_waiting_for_admin_approval","","","","0","0","","","","0","0","0","0","0",""
"OMS-2026-00486","SAFE","ALREADY_ROLLED_BACK (idempotent no-op)","857ef118-5208-4dc9-9411-4be409893098","confirmed_waiting_for_admin_approval","","","","0","0","","","","0","0","0","0","0",""
"OMS-2026-00487","SAFE","ALREADY_ROLLED_BACK (idempotent no-op)","0e8a6885-73b4-4188-9222-f0b0d945f6ce","confirmed_waiting_for_admin_approval","","","","0","0","","","","0","0","0","0","0",""
"OMS-2026-00488","SAFE","ALREADY_ROLLED_BACK (idempotent no-op)","931005ea-be88-47af-b554-7be2eb487065","confirmed_waiting_for_admin_approval","","","","0","0","","","","0","0","0","0","0",""
"OMS-2026-00489","SAFE","ALREADY_ROLLED_BACK (idempotent no-op)","ededa62f-0d44-4325-8172-040c2ab6e54a","confirmed_waiting_for_admin_approval","","","","0","0","","","","0","0","0","0","0",""
"OMS-2026-00490","SAFE","ALREADY_ROLLED_BACK (idempotent no-op)","d11c9109-787c-4d26-a849-189a8b679c27","confirmed_waiting_for_admin_approval","","","","0","0","","","","0","0","0","0","0",""
"OMS-2026-00491","SAFE","ALREADY_ROLLED_BACK (idempotent no-op)","bd1c3837-4c68-420c-b31c-6139d5848cb5","confirmed_waiting_for_admin_approval","","","","0","0","","","","0","0","0","0","0",""
"OMS-2026-00492","SAFE","ALREADY_ROLLED_BACK (idempotent no-op)","ad74d96d-098d-41f3-bcbd-0b05ab6aed85","confirmed_waiting_for_admin_approval","","","","0","0","","","","0","0","0","0","0",""
"OMS-2026-00493","SAFE","ALREADY_ROLLED_BACK (idempotent no-op)","8d32ace9-3acb-4df3-8427-7bac97f92176","confirmed_waiting_for_admin_approval","","","","0","0","","","","0","0","0","0","0",""
"OMS-2026-00494","SAFE","ALREADY_ROLLED_BACK (idempotent no-op)","84e1f32b-4b13-46ca-9124-e960714fcc59","confirmed_waiting_for_admin_approval","","","","0","0","","","","0","0","0","0","0",""
"OMS-2026-00495","SAFE","ALREADY_ROLLED_BACK (idempotent no-op)","56b960e2-becf-41a4-b55a-27d6fbc6b3cb","confirmed_waiting_for_admin_approval","","","","0","0","","","","0","0","0","0","0",""
"OMS-2026-00496","SAFE","ALREADY_ROLLED_BACK (idempotent no-op)","1d7095e3-e534-4619-89a0-42f51016f5d1","confirmed_waiting_for_admin_approval","","","","0","0","","","","0","0","0","0","0",""
"OMS-2026-00497","SAFE","ALREADY_ROLLED_BACK (idempotent no-op)","3924e81e-6196-4300-81b3-3f7c7fa6938b","confirmed_waiting_for_admin_approval","","","","0","0","","","","0","0","0","0","0",""
"OMS-2026-00498","SAFE","ALREADY_ROLLED_BACK (idempotent no-op)","cba0f651-6356-45ff-af6a-ce81245dda64","confirmed_waiting_for_admin_approval","","","","0","0","","","","0","0","0","0","0",""
"OMS-2026-00499","SAFE","ALREADY_ROLLED_BACK (idempotent no-op)","7abe1f85-2b38-4648-948b-1a782aa6873e","confirmed_waiting_for_admin_approval","","","","0","0","","","","0","0","0","0","0",""
"OMS-2026-00500","SAFE","ALREADY_ROLLED_BACK (idempotent no-op)","507fae12-20d6-44c0-abcd-0004a6959dc5","confirmed_waiting_for_admin_approval","","","","0","0","","","","0","0","0","0","0",""
"OMS-2026-00501","SAFE","ALREADY_ROLLED_BACK (idempotent no-op)","c0c16d14-fa13-4892-bf91-fe07f339f472","confirmed_waiting_for_admin_approval","","","","0","0","","","","0","0","0","0","0",""
"OMS-2026-00502","SAFE","ALREADY_ROLLED_BACK (idempotent no-op)","fa382165-e923-4f28-92df-10c66c52ecda","confirmed_waiting_for_admin_approval","","","","0","0","","","","0","0","0","0","0",""
"OMS-2026-00503","SAFE","ALREADY_ROLLED_BACK (idempotent no-op)","f774ed73-a44a-4337-bb2c-44539502ab41","confirmed_waiting_for_admin_approval","","","","0","0","","","","0","0","0","0","0",""
"OMS-2026-00504","SAFE","ALREADY_ROLLED_BACK (idempotent no-op)","df5e66e4-6941-465e-8095-c4fcffdfc8db","confirmed_waiting_for_admin_approval","","","","0","0","","","","0","0","0","0","0",""
"OMS-2026-00506","SAFE","ALREADY_ROLLED_BACK (idempotent no-op)","e463a1e9-726d-43d5-961b-7af8f96487c3","confirmed_waiting_for_admin_approval","","","","0","0","","","","0","0","0","0","0",""
"OMS-2026-00507","SAFE","ALREADY_ROLLED_BACK (idempotent no-op)","ecf9d7be-06b2-45b3-b990-eb316cc8c2b4","confirmed_waiting_for_admin_approval","","","","0","0","","","","0","0","0","0","0",""
"OMS-2026-00508","SAFE","ALREADY_ROLLED_BACK (idempotent no-op)","dd2501c8-e89b-488c-9446-1c99864488f3","confirmed_waiting_for_admin_approval","","","","0","0","","","","0","0","0","0","0",""
"OMS-2026-00510","SAFE","ALREADY_ROLLED_BACK (idempotent no-op)","42880968-7beb-4ada-aa56-c148ce449d37","confirmed_waiting_for_admin_approval","","","","0","0","","","","0","0","0","0","0",""
"OMS-2026-00511","SAFE","ALREADY_ROLLED_BACK (idempotent no-op)","ced55390-4d45-4c64-a25e-a3f8de1a4b26","confirmed_waiting_for_admin_approval","","","","0","0","","","","0","0","0","0","0",""
"OMS-2026-00512","SAFE","ALREADY_ROLLED_BACK (idempotent no-op)","53c1f2ad-4a0a-41c1-941c-ff2fcceb356b","confirmed_waiting_for_admin_approval","","","","0","0","","","","0","0","0","0","0",""
"OMS-2026-00513","SAFE","ALREADY_ROLLED_BACK (idempotent no-op)","8c0a51d3-4594-4872-b4af-050dc7757d3d","confirmed_waiting_for_admin_approval","","","","0","0","","","","0","0","0","0","0",""
"OMS-2026-00514","SAFE","ALREADY_ROLLED_BACK (idempotent no-op)","9a5bbcc1-3e16-435a-b8be-f740ebc4aaa9","confirmed_waiting_for_admin_approval","","","","0","0","","","","0","0","0","0","0",""
"OMS-2026-00517","SAFE","ALREADY_ROLLED_BACK (idempotent no-op)","e17d81a0-f0d6-487b-bd0d-d39bb20facd8","confirmed_waiting_for_admin_approval","","","","0","0","","","","0","0","0","0","0",""
"OMS-2026-00518","SAFE","ALREADY_ROLLED_BACK (idempotent no-op)","f045e7af-4d76-4a38-8239-c0980eb0b5d9","confirmed_waiting_for_admin_approval","","","","0","0","","","","0","0","0","0","0",""
"OMS-2026-00519","SAFE","ALREADY_ROLLED_BACK (idempotent no-op)","d0d68ad6-12e7-4988-8e1c-0c055b7a43c9","confirmed_waiting_for_admin_approval","","","","0","0","","","","0","0","0","0","0",""
"OMS-2026-00520","SAFE","ALREADY_ROLLED_BACK (idempotent no-op)","5a3af693-9f9a-47ba-b0fb-44fbc03959ea","confirmed_waiting_for_admin_approval","","","","0","0","","","","0","0","0","0","0",""
"OMS-2026-00523","SAFE","ALREADY_ROLLED_BACK (idempotent no-op)","e08557b3-4ab2-4fe3-a899-651668390731","confirmed_waiting_for_admin_approval","","","","0","0","","","","0","0","0","0","0",""
"OMS-2026-00524","SAFE","ALREADY_ROLLED_BACK (idempotent no-op)","66f4d8df-fa4a-47cf-b238-8582560cf69b","confirmed_waiting_for_admin_approval","","","","0","0","","","","0","0","0","0","0",""
"OMS-2026-00525","SAFE","ALREADY_ROLLED_BACK (idempotent no-op)","a811155e-82ab-45ce-a0f3-c5ffe699c57a","confirmed_waiting_for_admin_approval","","","","0","0","","","","0","0","0","0","0",""
"OMS-2026-00527","SAFE","ALREADY_ROLLED_BACK (idempotent no-op)","bd739b53-7da4-4ec8-b2d2-73bce83bf161","confirmed_waiting_for_admin_approval","","","","0","0","","","","0","0","0","0","0",""
"OMS-2026-00528","SAFE","ALREADY_ROLLED_BACK (idempotent no-op)","b6e910c2-7513-4975-bc20-3f8c0df9622b","confirmed_waiting_for_admin_approval","","","","0","0","","","","0","0","0","0","0",""
"OMS-2026-00529","SAFE","ALREADY_ROLLED_BACK (idempotent no-op)","e12d723e-050b-44b8-aeae-8962460c4705","confirmed_waiting_for_admin_approval","","","","0","0","","","","0","0","0","0","0",""
"OMS-2026-00531","SAFE","ALREADY_ROLLED_BACK (idempotent no-op)","1687e914-73d3-4137-b3ef-53c32ce6b5f4","confirmed_waiting_for_admin_approval","","","","0","0","","","","0","0","0","0","0",""
"OMS-2026-00534","SAFE","ALREADY_ROLLED_BACK (idempotent no-op)","e68d4eea-89b1-48ee-bdee-7ab051dbb421","confirmed_waiting_for_admin_approval","","","","0","0","","","","0","0","0","0","0",""
"OMS-2026-00535","SAFE","ALREADY_ROLLED_BACK (idempotent no-op)","ea58ef8b-a018-44c6-a258-133b39afd79d","confirmed_waiting_for_admin_approval","","","","0","0","","","","0","0","0","0","0",""
"OMS-2026-00536","SAFE","ALREADY_ROLLED_BACK (idempotent no-op)","cd2533e4-1ef8-42ec-b101-89e3bdafd2e8","confirmed_waiting_for_admin_approval","","","","0","0","","","","0","0","0","0","0",""
"OMS-2026-00537","SAFE","ALREADY_ROLLED_BACK (idempotent no-op)","186df3c9-b15c-4566-9c2a-b9bb8fa703b5","confirmed_waiting_for_admin_approval","","","","0","0","","","","0","0","0","0","0",""
"OMS-2026-00539","SAFE","ALREADY_ROLLED_BACK (idempotent no-op)","c9b21dd2-c9ab-4c9b-8bbd-1bc62c3ef145","confirmed_waiting_for_admin_approval","","","","0","0","","","","0","0","0","0","0",""
"OMS-2026-00541","SAFE","ALREADY_ROLLED_BACK (idempotent no-op)","66491132-fcda-4ebe-ae5f-d96f8475b420","confirmed_waiting_for_admin_approval","","","","0","0","","","","0","0","0","0","0",""
"OMS-2026-00542","SAFE","ALREADY_ROLLED_BACK (idempotent no-op)","eae74b4d-d9b2-4bd4-b99c-f0126221de3d","confirmed_waiting_for_admin_approval","","","","0","0","","","","0","0","0","0","0",""
"OMS-2026-00543","SAFE","ALREADY_ROLLED_BACK (idempotent no-op)","1e9b7ae9-7d8e-4411-aca4-e14822fdf9c2","confirmed_waiting_for_admin_approval","","","","0","0","","","","0","0","0","0","0",""
"OMS-2026-00544","SAFE","ALREADY_ROLLED_BACK (idempotent no-op)","568ab0aa-25e9-44c4-9001-642c4eb04150","confirmed_waiting_for_admin_approval","","","","0","0","","","","0","0","0","0","0",""
"OMS-2026-00545","SAFE","ALREADY_ROLLED_BACK (idempotent no-op)","1d0286f8-09bc-478f-aabb-4a8afd59fb38","confirmed_waiting_for_admin_approval","","","","0","0","","","","0","0","0","0","0",""
"OMS-2026-00547","SAFE","ALREADY_ROLLED_BACK (idempotent no-op)","b0af2ca8-d210-4034-9d93-602d75099f7f","confirmed_waiting_for_admin_approval","","","","0","0","","","","0","0","0","0","0",""
"OMS-2026-00549","SAFE","ALREADY_ROLLED_BACK (idempotent no-op)","8cb6b8e4-28ec-4eed-afd9-80c1d7c46650","confirmed_waiting_for_admin_approval","","","","0","0","","","","0","0","0","0","0",""
"OMS-2026-00556","SAFE","ALREADY_ROLLED_BACK (idempotent no-op)","c98e63f4-72e5-41f5-8bf7-ae852f34d925","confirmed_waiting_for_admin_approval","","","","0","0","","","","0","0","0","0","0",""
"OMS-2026-00560","SAFE","ALREADY_ROLLED_BACK (idempotent no-op)","62274a28-6990-4229-9ea1-ed9e57860737","confirmed_waiting_for_admin_approval","","","","0","0","","","","0","0","0","0","0",""
"OMS-2026-00567","SAFE","ALREADY_ROLLED_BACK (idempotent no-op)","5ba67800-7a1e-4dc2-9d74-364261c85f85","confirmed_waiting_for_admin_approval","","","","0","0","","","","0","0","0","0","0",""
"OMS-2026-00568","SAFE","ALREADY_ROLLED_BACK (idempotent no-op)","2d94d4ef-9b91-4c79-b05b-a18dab857852","confirmed_waiting_for_admin_approval","","","","0","0","","","","0","0","0","0","0",""
"OMS-2026-00570","SAFE","ALREADY_ROLLED_BACK (idempotent no-op)","0cf1117c-da3a-41ef-9167-0d9cf8257be6","confirmed_waiting_for_admin_approval","","","","0","0","","","","0","0","0","0","0",""
"OMS-2026-00574","SAFE","ALREADY_ROLLED_BACK (idempotent no-op)","4eed9d4b-308d-4e26-beca-a98423b4baf6","confirmed_waiting_for_admin_approval","","","","0","0","","","","0","0","0","0","0",""
"OMS-2026-00577","SAFE","ALREADY_ROLLED_BACK (idempotent no-op)","f310a120-8114-4cb6-9776-eaf8ef7e46ec","confirmed_waiting_for_admin_approval","","","","0","0","","","","0","0","0","0","0",""
"OMS-2026-00578","SAFE","ALREADY_ROLLED_BACK (idempotent no-op)","c5dfda10-d018-416b-8e14-200860fe9cee","confirmed_waiting_for_admin_approval","","","","0","0","","","","0","0","0","0","0",""
"OMS-2026-00583","SAFE","ALREADY_ROLLED_BACK (idempotent no-op)","d3264a6f-2402-458e-9f43-669d451a90a8","confirmed_waiting_for_admin_approval","","","","0","0","","","","0","0","0","0","0",""
"OMS-2026-00587","SAFE","ALREADY_ROLLED_BACK (idempotent no-op)","007e4c4e-13f0-4dac-bb43-8aa8b912a36c","confirmed_waiting_for_admin_approval","","","","0","0","","","","0","0","0","0","0",""
"OMS-2026-00588","SAFE","ALREADY_ROLLED_BACK (idempotent no-op)","644723af-d9ed-4e90-84ae-5504ec86e24a","confirmed_waiting_for_admin_approval","","","","0","0","","","","0","0","0","0","0",""
"OMS-2026-00592","SAFE","ALREADY_ROLLED_BACK (idempotent no-op)","766124eb-09f6-4e8f-93b1-c0f48984fc11","confirmed_waiting_for_admin_approval","","","","0","0","","","","0","0","0","0","0",""
"OMS-2026-00594","SAFE","ALREADY_ROLLED_BACK (idempotent no-op)","e7d879ba-3cbb-4d7c-9731-912b8d1fab84","confirmed_waiting_for_admin_approval","","","","0","0","","","","0","0","0","0","0",""
"OMS-2026-00595","SAFE","ALREADY_ROLLED_BACK (idempotent no-op)","9a6842ef-bd76-47d6-a745-33b418c027b8","confirmed_waiting_for_admin_approval","","","","0","0","","","","0","0","0","0","0",""
"OMS-2026-00597","SAFE","ALREADY_ROLLED_BACK (idempotent no-op)","9ae61094-f021-4bfb-8138-5e5698c07a3c","confirmed_waiting_for_admin_approval","","","","0","0","","","","0","0","0","0","0",""
"OMS-2026-00598","SAFE","ALREADY_ROLLED_BACK (idempotent no-op)","ef485665-b067-49f6-89ce-3906664a3dc3","confirmed_waiting_for_admin_approval","","","","0","0","","","","0","0","0","0","0",""
"OMS-2026-00599","SAFE","ALREADY_ROLLED_BACK (idempotent no-op)","a3d917ac-8889-4d35-8e8a-a70778e58bb3","confirmed_waiting_for_admin_approval","","","","0","0","","","","0","0","0","0","0",""
"OMS-2026-00600","SAFE","ALREADY_ROLLED_BACK (idempotent no-op)","457ac804-ff93-47c4-bb83-6c41899e2b7b","confirmed_waiting_for_admin_approval","","","","0","0","","","","0","0","0","0","0",""
"OMS-2026-00603","SAFE","ALREADY_ROLLED_BACK (idempotent no-op)","bd748aa4-abc5-4ac8-822f-a60d12d72225","confirmed_waiting_for_admin_approval","","","","0","0","","","","0","0","0","0","0",""
"OMS-2026-00609","SAFE","ALREADY_ROLLED_BACK (idempotent no-op)","e3071832-38e0-4339-b702-89e434a347d1","confirmed_waiting_for_admin_approval","","","","0","0","","","","0","0","0","0","0",""
"OMS-2026-00610","SAFE","ALREADY_ROLLED_BACK (idempotent no-op)","966a73ae-c296-462c-a835-1b417a5fdda0","confirmed_waiting_for_admin_approval","","","","0","0","","","","0","0","0","0","0",""
"OMS-2026-00611","SAFE","ALREADY_ROLLED_BACK (idempotent no-op)","08f5355d-53ea-42ea-8dd2-a978c43d4112","confirmed_waiting_for_admin_approval","","","","0","0","","","","0","0","0","0","0",""
"OMS-2026-00612","SAFE","ALREADY_ROLLED_BACK (idempotent no-op)","f77a8911-ced8-42d3-8860-e9ce594e9e79","confirmed_waiting_for_admin_approval","","","","0","0","","","","0","0","0","0","0",""
"OMS-2026-00613","SAFE","ALREADY_ROLLED_BACK (idempotent no-op)","6a51f0f0-7ce6-44f7-b9f0-b22b2b0acc26","confirmed_waiting_for_admin_approval","","","","0","0","","","","0","0","0","0","0",""
"OMS-2026-00614","SAFE","ALREADY_ROLLED_BACK (idempotent no-op)","c6131e86-3920-4196-9e7e-3197a97d2de3","confirmed_waiting_for_admin_approval","","","","0","0","","","","0","0","0","0","0",""
"OMS-2026-00615","SAFE","ALREADY_ROLLED_BACK (idempotent no-op)","cfb67bdd-5981-4fd3-9f85-1479fa31bd95","confirmed_waiting_for_admin_approval","","","","0","0","","","","0","0","0","0","0",""
"OMS-2026-00616","SAFE","ALREADY_ROLLED_BACK (idempotent no-op)","736bc166-59a4-426d-8b16-c8a5019bd7f7","confirmed_waiting_for_admin_approval","","","","0","0","","","","0","0","0","0","0",""
"OMS-2026-00617","SAFE","ALREADY_ROLLED_BACK (idempotent no-op)","858d112c-b38d-4913-a3c4-0d998427373a","confirmed_waiting_for_admin_approval","","","","0","0","","","","0","0","0","0","0",""
"OMS-2026-00618","SAFE","ALREADY_ROLLED_BACK (idempotent no-op)","4b4313e7-2ed6-4c7f-a05d-c097f1ba3840","confirmed_waiting_for_admin_approval","","","","0","0","","","","0","0","0","0","0",""
"OMS-2026-00619","SAFE","ALREADY_ROLLED_BACK (idempotent no-op)","aaabb5be-957f-4234-b52c-0b87e7958f9e","confirmed_waiting_for_admin_approval","","","","0","0","","","","0","0","0","0","0",""
"OMS-2026-00620","SAFE","ALREADY_ROLLED_BACK (idempotent no-op)","76144142-063a-445b-8577-9cdf4f7a954f","confirmed_waiting_for_admin_approval","","","","0","0","","","","0","0","0","0","0",""
"OMS-2026-00622","SAFE","ALREADY_ROLLED_BACK (idempotent no-op)","4f27eb4f-c787-4e88-bccd-f3641336d250","confirmed_waiting_for_admin_approval","","","","0","0","","","","0","0","0","0","0",""
"OMS-2026-00623","SAFE","ALREADY_ROLLED_BACK (idempotent no-op)","e1f6f54c-4836-4db5-8297-5ebd36299d61","confirmed_waiting_for_admin_approval","","","","0","0","","","","0","0","0","0","0",""
"OMS-2026-00624","SAFE","ALREADY_ROLLED_BACK (idempotent no-op)","3e3be04a-6b35-413b-9c65-241ba82e339e","confirmed_waiting_for_admin_approval","","","","0","0","","","","0","0","0","0","0",""
"OMS-2026-00625","SAFE","ALREADY_ROLLED_BACK (idempotent no-op)","f9a0dc49-9edf-4ec3-b731-d3152065afa5","confirmed_waiting_for_admin_approval","","","","0","0","","","","0","0","0","0","0",""
"OMS-2026-00626","SAFE","ALREADY_ROLLED_BACK (idempotent no-op)","5bd5ccd3-8ea8-4c7a-9d32-f2dca3645cba","confirmed_waiting_for_admin_approval","","","","0","0","","","","0","0","0","0","0",""
"OMS-2026-00628","SAFE","ALREADY_ROLLED_BACK (idempotent no-op)","5194927c-ae75-4380-8789-08e562718624","confirmed_waiting_for_admin_approval","","","","0","0","","","","0","0","0","0","0",""
"OMS-2026-00629","SAFE","ALREADY_ROLLED_BACK (idempotent no-op)","6e4872a9-fb2e-4c1f-aafc-f96f95c449cd","confirmed_waiting_for_admin_approval","","","","0","0","","","","0","0","0","0","0",""
"OMS-2026-00630","SAFE","ALREADY_ROLLED_BACK (idempotent no-op)","b367337e-e039-4a5a-8925-bab419854cdf","confirmed_waiting_for_admin_approval","","","","0","0","","","","0","0","0","0","0",""
"OMS-2026-00631","SAFE","ALREADY_ROLLED_BACK (idempotent no-op)","f11a45d9-3f9e-432a-8be6-19c093dc32c1","confirmed_waiting_for_admin_approval","","","","0","0","","","","0","0","0","0","0",""
"OMS-2026-00633","SAFE","ALREADY_ROLLED_BACK (idempotent no-op)","a3bff82d-48e9-4234-b11f-3b392508609a","confirmed_waiting_for_admin_approval","","","","0","0","","","","0","0","0","0","0",""
"OMS-2026-00634","SAFE","ALREADY_ROLLED_BACK (idempotent no-op)","98029a59-fa79-4d9b-a3fe-f772a8659384","confirmed_waiting_for_admin_approval","","","","0","0","","","","0","0","0","0","0",""
"OMS-2026-00635","SAFE","ALREADY_ROLLED_BACK (idempotent no-op)","6b03373d-06f7-4304-8e45-052f7edacfa0","confirmed_waiting_for_admin_approval","","","","0","0","","","","0","0","0","0","0",""
"OMS-2026-00637","SAFE","ALREADY_ROLLED_BACK (idempotent no-op)","7cc6f8bb-d628-4263-a0b4-d89272afe2bc","confirmed_waiting_for_admin_approval","","","","0","0","","","","0","0","0","0","0",""
"OMS-2026-00638","SAFE","ALREADY_ROLLED_BACK (idempotent no-op)","ffd12d46-a2cf-4663-80d8-7668285e12f8","confirmed_waiting_for_admin_approval","","","","0","0","","","","0","0","0","0","0",""
"OMS-2026-00639","SAFE","ALREADY_ROLLED_BACK (idempotent no-op)","71857bd6-f98e-406e-907c-d2459433df9c","confirmed_waiting_for_admin_approval","","","","0","0","","","","0","0","0","0","0",""
"OMS-2026-00640","SAFE","ALREADY_ROLLED_BACK (idempotent no-op)","9e9c1e91-0c0f-4843-8b8a-637d833a68d7","confirmed_waiting_for_admin_approval","","","","0","0","","","","0","0","0","0","0",""
"OMS-2026-00641","SAFE","ALREADY_ROLLED_BACK (idempotent no-op)","4e01b751-7dc7-4b53-bbd3-46df0cb59c08","confirmed_waiting_for_admin_approval","","","","0","0","","","","0","0","0","0","0",""
"OMS-2026-00642","SAFE","ALREADY_ROLLED_BACK (idempotent no-op)","91956e38-fb97-4a6d-80ae-242ebe601df2","confirmed_waiting_for_admin_approval","","","","0","0","","","","0","0","0","0","0",""
"OMS-2026-00643","SAFE","ALREADY_ROLLED_BACK (idempotent no-op)","078b804b-f224-4dc2-85fa-ccaa745e9824","confirmed_waiting_for_admin_approval","","","","0","0","","","","0","0","0","0","0",""
"OMS-2026-00646","SAFE","ALREADY_ROLLED_BACK (idempotent no-op)","2fd0d900-188f-4648-8d28-02afa279b2cd","confirmed_waiting_for_admin_approval","","","","0","0","","","","0","0","0","0","0",""
"OMS-2026-00647","SAFE","ALREADY_ROLLED_BACK (idempotent no-op)","255c19e4-4473-40dc-9d2c-94594444b96f","confirmed_waiting_for_admin_approval","","","","0","0","","","","0","0","0","0","0",""
"OMS-2026-00650","SAFE","ALREADY_ROLLED_BACK (idempotent no-op)","a9f076da-4a5b-4900-bcc5-f05f7d84885e","confirmed_waiting_for_admin_approval","","","","0","0","","","","0","0","0","0","0",""
"OMS-2026-00651","SAFE","ALREADY_ROLLED_BACK (idempotent no-op)","97e00870-2e5c-4b71-b25b-caa73229ffb8","confirmed_waiting_for_admin_approval","","","","0","0","","","","0","0","0","0","0",""
"OMS-2026-00652","SAFE","ALREADY_ROLLED_BACK (idempotent no-op)","35b7fad2-2a5e-4ca5-8000-77b7745fc45f","confirmed_waiting_for_admin_approval","","","","0","0","","","","0","0","0","0","0",""
"OMS-2026-00655","SAFE","ALREADY_ROLLED_BACK (idempotent no-op)","2953523b-e972-4a11-b952-38484bec2005","confirmed_waiting_for_admin_approval","","","","0","0","","","","0","0","0","0","0",""
"OMS-2026-00656","SAFE","ALREADY_ROLLED_BACK (idempotent no-op)","367aba11-ea0b-4e61-9e83-c39eeb58af91","confirmed_waiting_for_admin_approval","","","","0","0","","","","0","0","0","0","0",""
"OMS-2026-00657","SAFE","ALREADY_ROLLED_BACK (idempotent no-op)","6e6fd0ba-037b-486b-b1a7-3c13b82673c8","confirmed_waiting_for_admin_approval","","","","0","0","","","","0","0","0","0","0",""
"OMS-2026-00658","SAFE","ALREADY_ROLLED_BACK (idempotent no-op)","34ed675e-d3cc-4bea-a327-ef713927b83a","confirmed_waiting_for_admin_approval","","","","0","0","","","","0","0","0","0","0",""
"OMS-2026-00659","SAFE","ALREADY_ROLLED_BACK (idempotent no-op)","62bab5cf-f624-45f7-919f-b359ff383bc3","confirmed_waiting_for_admin_approval","","","","0","0","","","","0","0","0","0","0",""
"OMS-2026-00661","SAFE","ALREADY_ROLLED_BACK (idempotent no-op)","890ca03a-75b1-4b38-824c-250679994431","confirmed_waiting_for_admin_approval","","","","0","0","","","","0","0","0","0","0",""
"OMS-2026-00662","SAFE","ALREADY_ROLLED_BACK (idempotent no-op)","aa32a257-3108-4fa7-9e94-36b329a7f037","confirmed_waiting_for_admin_approval","","","","0","0","","","","0","0","0","0","0",""
"OMS-2026-00663","SAFE","ALREADY_ROLLED_BACK (idempotent no-op)","a8c10e8a-d008-4486-87ae-f76a155f0936","confirmed_waiting_for_admin_approval","","","","0","0","","","","0","0","0","0","0",""
"OMS-2026-00664","SAFE","ALREADY_ROLLED_BACK (idempotent no-op)","80f0b547-3324-4852-a22a-8493ae156014","confirmed_waiting_for_admin_approval","","","","0","0","","","","0","0","0","0","0",""
"OMS-2026-00665","SAFE","ALREADY_ROLLED_BACK (idempotent no-op)","c1eaa4d7-d578-473e-b444-4ae893c0d70e","confirmed_waiting_for_admin_approval","","","","0","0","","","","0","0","0","0","0",""
"OMS-2026-00666","SAFE","ALREADY_ROLLED_BACK (idempotent no-op)","82f4ea3c-d0fb-4e7b-9ae5-9cf9c7099d4d","confirmed_waiting_for_admin_approval","","","","0","0","","","","0","0","0","0","0",""
"OMS-2026-00667","SAFE","ALREADY_ROLLED_BACK (idempotent no-op)","3058f2ea-8860-4a01-af19-0d352345296a","confirmed_waiting_for_admin_approval","","","","0","0","","","","0","0","0","0","0",""
"OMS-2026-00668","SAFE","ALREADY_ROLLED_BACK (idempotent no-op)","a1364b9e-8e4b-4340-9d89-f2df96a478d5","confirmed_waiting_for_admin_approval","","","","0","0","","","","0","0","0","0","0",""
"OMS-2026-00669","SAFE","ALREADY_ROLLED_BACK (idempotent no-op)","c67dde3b-79a3-48a8-a7c3-f82dc96aaae8","confirmed_waiting_for_admin_approval","","","","0","0","","","","0","0","0","0","0",""
"OMS-2026-00671","SAFE","ALREADY_ROLLED_BACK (idempotent no-op)","d44fa7aa-0ec9-4ff7-b273-a5f445eb37cc","confirmed_waiting_for_admin_approval","","","","0","0","","","","0","0","0","0","0",""
"OMS-2026-00672","SAFE","ALREADY_ROLLED_BACK (idempotent no-op)","b0a8de9b-65cd-4be7-83be-c7008f67d45a","confirmed_waiting_for_admin_approval","","","","0","0","","","","0","0","0","0","0",""
"OMS-2026-00675","SAFE","ALREADY_ROLLED_BACK (idempotent no-op)","d92b7c21-25dd-4103-9e0d-570e10c6cd38","confirmed_waiting_for_admin_approval","","","","0","0","","","","0","0","0","0","0",""
"OMS-2026-00676","SAFE","ALREADY_ROLLED_BACK (idempotent no-op)","1e1ed90f-b58d-427b-a35b-d6f5f752ba99","confirmed_waiting_for_admin_approval","","","","0","0","","","","0","0","0","0","0",""
"OMS-2026-00678","SAFE","ALREADY_ROLLED_BACK (idempotent no-op)","beac1aae-2150-43e8-8441-1c5b0a10385a","confirmed_waiting_for_admin_approval","","","","0","0","","","","0","0","0","0","0",""
"OMS-2026-00679","SAFE","ALREADY_ROLLED_BACK (idempotent no-op)","f1b8f88f-b764-45c4-bc10-e222555b46c7","confirmed_waiting_for_admin_approval","","","","0","0","","","","0","0","0","0","0",""
"OMS-2026-00680","SAFE","ALREADY_ROLLED_BACK (idempotent no-op)","5ffedf19-2a1e-48de-b5a5-d426de475c57","confirmed_waiting_for_admin_approval","","","","0","0","","","","0","0","0","0","0",""
"OMS-2026-00682","SAFE","ALREADY_ROLLED_BACK (idempotent no-op)","28f78256-31c8-4519-8cdd-97d48e65035d","confirmed_waiting_for_admin_approval","","","","0","0","","","","0","0","0","0","0",""
"OMS-2026-00683","SAFE","ALREADY_ROLLED_BACK (idempotent no-op)","154c0faa-7b0a-44a5-94b4-b3c3130c2e8b","confirmed_waiting_for_admin_approval","","","","0","0","","","","0","0","0","0","0",""
"OMS-2026-00684","SAFE","ALREADY_ROLLED_BACK (idempotent no-op)","88d0eb79-1332-494d-af93-a42a6a0bb080","confirmed_waiting_for_admin_approval","","","","0","0","","","","0","0","0","0","0",""
"OMS-2026-00685","SAFE","ALREADY_ROLLED_BACK (idempotent no-op)","cf0de79c-9831-4fe5-aefb-0521db5b34b3","confirmed_waiting_for_admin_approval","","","","0","0","","","","0","0","0","0","0",""
"OMS-2026-00686","SAFE","ALREADY_ROLLED_BACK (idempotent no-op)","d3b36eab-a95b-43bd-9786-68c8719e15be","confirmed_waiting_for_admin_approval","","","","0","0","","","","0","0","0","0","0",""
"OMS-2026-00688","SAFE","ALREADY_ROLLED_BACK (idempotent no-op)","64320183-418e-43f4-bbd8-ce2bef55e89d","confirmed_waiting_for_admin_approval","","","","0","0","","","","0","0","0","0","0",""
"OMS-2026-00689","SAFE","ALREADY_ROLLED_BACK (idempotent no-op)","64857bd7-bab2-459a-b648-84c74d00fb95","confirmed_waiting_for_admin_approval","","","","0","0","","","","0","0","0","0","0",""
"OMS-2026-00693","SAFE","ALREADY_ROLLED_BACK (idempotent no-op)","21d2e083-c59e-482f-8b09-533aaf1d9508","confirmed_waiting_for_admin_approval","","","","0","0","","","","0","0","0","0","0",""
"OMS-2026-00694","SAFE","ALREADY_ROLLED_BACK (idempotent no-op)","c79cbbef-5dbc-4d27-8084-f065c6042f86","confirmed_waiting_for_admin_approval","","","","0","0","","","","0","0","0","0","0",""
"OMS-2026-00695","SAFE","ALREADY_ROLLED_BACK (idempotent no-op)","aa52fa8c-0579-47e8-9f06-03f38e9b8524","confirmed_waiting_for_admin_approval","","","","0","0","","","","0","0","0","0","0",""
"OMS-2026-00696","SAFE","ALREADY_ROLLED_BACK (idempotent no-op)","f1981327-adb7-4778-acc6-5ed43a75fdf6","confirmed_waiting_for_admin_approval","","","","0","0","","","","0","0","0","0","0",""
"OMS-2026-00698","SAFE","ALREADY_ROLLED_BACK (idempotent no-op)","13d9f77c-6492-4043-97db-5b4cac956822","confirmed_waiting_for_admin_approval","","","","0","0","","","","0","0","0","0","0",""
"OMS-2026-00699","SAFE","ALREADY_ROLLED_BACK (idempotent no-op)","4a2e86b4-64ad-420d-a18c-cb4bb835696f","confirmed_waiting_for_admin_approval","","","","0","0","","","","0","0","0","0","0",""
"OMS-2026-00701","SAFE","ALREADY_ROLLED_BACK (idempotent no-op)","fe3024f3-09c8-4ef1-ad99-738bd10a523e","confirmed_waiting_for_admin_approval","","","","0","0","","","","0","0","0","0","0",""
"OMS-2026-00705","SAFE","ALREADY_ROLLED_BACK (idempotent no-op)","d6df10e3-d956-426f-a4d6-7cfb027e6627","confirmed_waiting_for_admin_approval","","","","0","0","","","","0","0","0","0","0",""
"OMS-2026-00707","SAFE","ALREADY_ROLLED_BACK (idempotent no-op)","68de8862-309c-4e7b-88e0-7a28cf0c363b","confirmed_waiting_for_admin_approval","","","","0","0","","","","0","0","0","0","0",""
"OMS-2026-00716","SAFE","ALREADY_ROLLED_BACK (idempotent no-op)","a1c11626-a09a-4835-ba46-50202445c006","confirmed_waiting_for_admin_approval","","","","0","0","","","","0","0","0","0","0",""
"OMS-2026-00719","SAFE","ALREADY_ROLLED_BACK (idempotent no-op)","e800d140-7ddf-4cd8-977e-a814a9f7606b","confirmed_waiting_for_admin_approval","","","","0","0","","","","0","0","0","0","0",""
"OMS-2026-00726","SAFE","ALREADY_ROLLED_BACK (idempotent no-op)","9f54bb16-9ab2-490f-929d-fc44d0b17844","confirmed_waiting_for_admin_approval","","","","0","0","","","","0","0","0","0","0",""
"OMS-2026-00727","SAFE","ALREADY_ROLLED_BACK (idempotent no-op)","986e5c41-c9f6-45ae-a3d9-b9d7a70daebf","confirmed_waiting_for_admin_approval","","","","0","0","","","","0","0","0","0","0",""
"OMS-2026-00737","SAFE","ALREADY_ROLLED_BACK (idempotent no-op)","d7feaee7-fe71-4510-bba9-156c6b543622","confirmed_waiting_for_admin_approval","","","","0","0","","","","0","0","0","0","0",""
"OMS-2026-00738","SAFE","ALREADY_ROLLED_BACK (idempotent no-op)","56b79079-b90f-4c3b-8371-ad1410422ea9","confirmed_waiting_for_admin_approval","","","","0","0","","","","0","0","0","0","0",""
"OMS-2026-00744","SAFE","ALREADY_ROLLED_BACK (idempotent no-op)","b5c2a098-bcf7-418e-89e8-9de7bb23ac3d","confirmed_waiting_for_admin_approval","","","","0","0","","","","0","0","0","0","0",""
"OMS-2026-00748","SAFE","ALREADY_ROLLED_BACK (idempotent no-op)","fba9ae9c-e0fc-42a8-b531-5c9331b4c708","confirmed_waiting_for_admin_approval","","","","0","0","","","","0","0","0","0","0",""
"OMS-2026-00751","SAFE","ALREADY_ROLLED_BACK (idempotent no-op)","629c88b3-c11f-4e26-879b-2d879816d081","confirmed_waiting_for_admin_approval","","","","0","0","","","","0","0","0","0","0",""
"OMS-2026-00764","SAFE","ALREADY_ROLLED_BACK (idempotent no-op)","981b7b26-1824-4533-a933-f086d7127d04","confirmed_waiting_for_admin_approval","","","","0","0","","","","0","0","0","0","0",""
"OMS-2026-00769","SAFE","ALREADY_ROLLED_BACK (idempotent no-op)","31c55bb5-0f05-4574-8cc0-53857bcc2b79","confirmed_waiting_for_admin_approval","","","","0","0","","","","0","0","0","0","0",""
"OMS-2026-00773","SAFE","ALREADY_ROLLED_BACK (idempotent no-op)","51a3102f-6e18-4371-948a-56608686997c","confirmed_waiting_for_admin_approval","","","","0","0","","","","0","0","0","0","0",""
"OMS-2026-00816","SAFE","ALREADY_ROLLED_BACK (idempotent no-op)","ff759174-d77b-49dc-ae89-bddab1bc9aef","confirmed_waiting_for_admin_approval","","","","0","0","","","","0","0","0","0","0",""
"OMS-2026-00818","SAFE","ALREADY_ROLLED_BACK (idempotent no-op)","4ca9bd51-c69d-42e9-8510-82c4714d7ee6","confirmed_waiting_for_admin_approval","","","","0","0","","","","0","0","0","0","0",""
"OMS-2026-00820","SAFE","ALREADY_ROLLED_BACK (idempotent no-op)","3741bf4b-db75-44de-be17-e757155541f6","confirmed_waiting_for_admin_approval","","","","0","0","","","","0","0","0","0","0",""
"OMS-2026-00823","SAFE","ALREADY_ROLLED_BACK (idempotent no-op)","f6d725c2-2b6d-498a-b0e3-ed74bb1fb61a","confirmed_waiting_for_admin_approval","","","","0","0","","","","0","0","0","0","0",""
"OMS-2026-00830","SAFE","ALREADY_ROLLED_BACK (idempotent no-op)","82f240c6-9f5b-4319-8f59-926ab9330e23","confirmed_waiting_for_admin_approval","","","","0","0","","","","0","0","0","0","0",""
"OMS-2026-00839","SAFE","ALREADY_ROLLED_BACK (idempotent no-op)","c609a079-a4b1-4dc0-8781-f40e20f9f768","confirmed_waiting_for_admin_approval","","","","0","0","","","","0","0","0","0","0",""
"OMS-2026-00870","SAFE","ALREADY_ROLLED_BACK (idempotent no-op)","e343b6e7-fdd0-4449-b19f-e4852965c074","confirmed_waiting_for_admin_approval","","","","0","0","","","","0","0","0","0","0",""
"OMS-2026-00904","SAFE","ALREADY_ROLLED_BACK (idempotent no-op)","e87d79af-9b4f-4835-b62e-cf20129bca3d","confirmed_waiting_for_admin_approval","","","","0","0","","","","0","0","0","0","0",""
"OMS-2026-00914","SAFE","ALREADY_ROLLED_BACK (idempotent no-op)","c9852838-ccaf-4876-8287-985122f943e1","confirmed_waiting_for_admin_approval","","","","0","0","","","","0","0","0","0","0",""
"OMS-2026-00923","SAFE","ALREADY_ROLLED_BACK (idempotent no-op)","bc8b4fa7-7d6b-4b08-a376-daa31b7fa927","confirmed_waiting_for_admin_approval","","","","0","0","","","","0","0","0","0","0",""
"OMS-2026-00963","SAFE","ALREADY_ROLLED_BACK (idempotent no-op)","d0e73f83-c770-45f2-9529-0bcb71f245f0","confirmed_waiting_for_admin_approval","","","","0","0","","","","0","0","0","0","0",""
"OMS-2026-00970","SAFE","ALREADY_ROLLED_BACK (idempotent no-op)","ec9b5187-3db0-4c7a-bab0-8460d90ce910","confirmed_waiting_for_admin_approval","","","","0","0","","","","0","0","0","0","0",""
"OMS-2026-00975","SAFE","ALREADY_ROLLED_BACK (idempotent no-op)","7460dd45-e5c1-4425-af56-0947c1b4674a","confirmed_waiting_for_admin_approval","","","","0","0","","","","0","0","0","0","0",""
"OMS-2026-00991","SAFE","ALREADY_ROLLED_BACK (idempotent no-op)","bb289dd4-2bb3-4bba-b77e-244ba081317b","confirmed_waiting_for_admin_approval","","","","0","0","","","","0","0","0","0","0",""
"OMS-2026-01030","SAFE","ALREADY_ROLLED_BACK (idempotent no-op)","2b4df3d8-9bfe-43f9-976f-af2dc8c0587b","confirmed_waiting_for_admin_approval","","","","0","0","","","","0","0","0","0","0",""
"OMS-2026-01122","SAFE","ALREADY_ROLLED_BACK (idempotent no-op)","35bbab42-8e19-45a4-a77c-c4f9e4b3e68d","confirmed_waiting_for_admin_approval","","","","0","0","","","","0","0","0","0","0",""
"OMS-2026-01159","SAFE","ALREADY_ROLLED_BACK (idempotent no-op)","18d269a1-1c18-4702-bf65-3d1f52039aef","confirmed_waiting_for_admin_approval","","","","0","0","","","","0","0","0","0","0",""
"OMS-2026-01163","SAFE","ALREADY_ROLLED_BACK (idempotent no-op)","9afa78ae-273a-48ef-a817-95ee7a355d04","confirmed_waiting_for_admin_approval","","","","0","0","","","","0","0","0","0","0",""
"OMS-2026-01190","SAFE","ALREADY_ROLLED_BACK (idempotent no-op)","8f106682-b316-4425-8edc-e618d06e2cae","confirmed_waiting_for_admin_approval","","","","0","0","","","","0","0","0","0","0",""
"OMS-2026-01195","SAFE","ALREADY_ROLLED_BACK (idempotent no-op)","1ddfab77-f739-4d49-8bea-30b71d30e714","confirmed_waiting_for_admin_approval","","","","0","0","","","","0","0","0","0","0",""
"OMS-2026-01214","SAFE","ALREADY_ROLLED_BACK (idempotent no-op)","6e6cbb51-8965-41c0-9b56-bb78a84fd9c9","confirmed_waiting_for_admin_approval","","","","0","0","","","","0","0","0","0","0",""
"OMS-2026-01507","SAFE","ALREADY_ROLLED_BACK (idempotent no-op)","6f0a4fb6-190b-4b6a-8ffe-2a9ec326a451","confirmed_waiting_for_admin_approval","","","","0","0","","","","0","0","0","0","0",""
"OMS-2026-01511","SAFE","ALREADY_ROLLED_BACK (idempotent no-op)","ddda6086-c13f-42b0-93c7-012c57229fd9","confirmed_waiting_for_admin_approval","","","","0","0","","","","0","0","0","0","0",""
"OMS-2026-01538","SAFE","ALREADY_ROLLED_BACK (idempotent no-op)","ac57b674-c45e-494d-ad59-ba9738838634","confirmed_waiting_for_admin_approval","","","","0","0","","","","0","0","0","0","0",""
"OMS-2026-01600","SAFE","ALREADY_ROLLED_BACK (idempotent no-op)","4090ef02-1020-4519-8904-8c66711dc583","confirmed_waiting_for_admin_approval","","","","0","0","","","","0","0","0","0","0",""
"OMS-2026-01604","SAFE","ALREADY_ROLLED_BACK (idempotent no-op)","45da4bed-9b10-49d8-89f6-68c1b6efa25c","confirmed_waiting_for_admin_approval","","","","0","0","","","","0","0","0","0","0",""
"OMS-2026-01608","SAFE","ALREADY_ROLLED_BACK (idempotent no-op)","e462e435-cf10-4def-be24-c933cd236120","confirmed_waiting_for_admin_approval","","","","0","0","","","","0","0","0","0","0",""
"OMS-2026-01720","SAFE","ALREADY_ROLLED_BACK (idempotent no-op)","64f33c2a-87ea-41db-8f87-40138b5f8636","confirmed_waiting_for_admin_approval","","","","0","0","","","","0","0","0","0","0",""
"OMS-2026-01782","SAFE","ALREADY_ROLLED_BACK (idempotent no-op)","2524762b-6d26-49cc-bf2f-a92a883409d5","confirmed_waiting_for_admin_approval","","","","0","0","","","","0","0","0","0","0",""
"OMS-2026-01786","SAFE","ALREADY_ROLLED_BACK (idempotent no-op)","1390c6a4-763f-4d1c-b453-6429c0dedfab","confirmed_waiting_for_admin_approval","","","","0","0","","","","0","0","0","0","0",""
"OMS-2026-01795","SAFE","ALREADY_ROLLED_BACK (idempotent no-op)","f38e1e91-4094-49b7-a95e-b7a85e207300","confirmed_waiting_for_admin_approval","","","","0","0","","","","0","0","0","0","0",""
"OMS-2026-01799","SAFE","ALREADY_ROLLED_BACK (idempotent no-op)","f07e1a5e-170f-442a-ad7c-1118ebe6ded7","confirmed_waiting_for_admin_approval","","","","0","0","","","","0","0","0","0","0",""
"OMS-2026-01800","SAFE","ALREADY_ROLLED_BACK (idempotent no-op)","53f6b289-8b0e-4153-9e7f-b4b5fda4427e","confirmed_waiting_for_admin_approval","","","","0","0","","","","0","0","0","0","0",""
"OMS-2026-01803","SAFE","ALREADY_ROLLED_BACK (idempotent no-op)","88c52d9f-923f-4839-9415-b9a6df315328","confirmed_waiting_for_admin_approval","","","","0","0","","","","0","0","0","0","0",""
"OMS-2026-01805","SAFE","ALREADY_ROLLED_BACK (idempotent no-op)","ae795a0e-f5b6-4d75-b476-d1a862e431ea","confirmed_waiting_for_admin_approval","","","","0","0","","","","0","0","0","0","0",""
"OMS-2026-01807","SAFE","ALREADY_ROLLED_BACK (idempotent no-op)","97bc73fa-89c2-434c-b963-29a7150a71e7","confirmed_waiting_for_admin_approval","","","","0","0","","","","0","0","0","0","0",""
"OMS-2026-01808","SAFE","ALREADY_ROLLED_BACK (idempotent no-op)","a98ebca8-2ea1-4784-8033-9b695e9b9162","confirmed_waiting_for_admin_approval","","","","0","0","","","","0","0","0","0","0",""
"OMS-2026-01825","SAFE","ALREADY_ROLLED_BACK (idempotent no-op)","79cef1c6-43ba-47fb-8859-7d641302abaa","confirmed_waiting_for_admin_approval","","","","0","0","","","","0","0","0","0","0",""
"OMS-2026-01832","SAFE","ALREADY_ROLLED_BACK (idempotent no-op)","f52e3aa2-6aee-4e02-8cde-e58c205b54f0","confirmed_waiting_for_admin_approval","","","","0","0","","","","0","0","0","0","0",""
"OMS-2026-01843","SAFE","ALREADY_ROLLED_BACK (idempotent no-op)","cffa6257-e421-47e5-beed-2478a2dce75e","confirmed_waiting_for_admin_approval","","","","0","0","","","","0","0","0","0","0",""
"OMS-2026-01844","SAFE","ALREADY_ROLLED_BACK (idempotent no-op)","eaac4609-cae0-42b6-b04e-bbf757ca4ac0","confirmed_waiting_for_admin_approval","","","","0","0","","","","0","0","0","0","0",""
"OMS-2026-01846","SAFE","ALREADY_ROLLED_BACK (idempotent no-op)","0b32f33d-2c8a-4d2c-acac-515d510398ab","confirmed_waiting_for_admin_approval","","","","0","0","","","","0","0","0","0","0",""
"OMS-2026-01847","SAFE","ALREADY_ROLLED_BACK (idempotent no-op)","da296c67-ba2c-4574-8053-66ebe01da163","confirmed_waiting_for_admin_approval","","","","0","0","","","","0","0","0","0","0",""
"OMS-2026-01851","SAFE","ALREADY_ROLLED_BACK (idempotent no-op)","0fd40017-64e6-450e-b01a-852d29192c38","confirmed_waiting_for_admin_approval","","","","0","0","","","","0","0","0","0","0",""
"OMS-2026-01863","SAFE","ALREADY_ROLLED_BACK (idempotent no-op)","7a2516a1-b497-4c0a-a703-69c268773913","confirmed_waiting_for_admin_approval","","","","0","0","","","","0","0","0","0","0",""
"OMS-2026-01865","SAFE","ALREADY_ROLLED_BACK (idempotent no-op)","df90e68b-c257-446d-83a5-aa7ed1e36784","confirmed_waiting_for_admin_approval","","","","0","0","","","","0","0","0","0","0",""
"OMS-2026-01870","SAFE","ALREADY_ROLLED_BACK (idempotent no-op)","c0a934af-3786-4b2d-9ce4-5fcb808ace5e","confirmed_waiting_for_admin_approval","","","","0","0","","","","0","0","0","0","0",""
"OMS-2026-01876","SAFE","ALREADY_ROLLED_BACK (idempotent no-op)","58db732c-6bff-4b0d-81d9-3e529cb98733","confirmed_waiting_for_admin_approval","","","","0","0","","","","0","0","0","0","0",""
"OMS-2026-01877","SAFE","ALREADY_ROLLED_BACK (idempotent no-op)","a6784f4e-78bf-4c8c-ac53-66aaaa1b37d9","confirmed_waiting_for_admin_approval","","","","0","0","","","","0","0","0","0","0",""
"OMS-2026-01892","SAFE","ALREADY_ROLLED_BACK (idempotent no-op)","b8da9312-cee4-4961-bc45-c8dad2e41b1d","confirmed_waiting_for_admin_approval","","","","0","0","","","","0","0","0","0","0",""
"OMS-2026-01893","SAFE","ALREADY_ROLLED_BACK (idempotent no-op)","2b08ad30-d621-4916-be3f-4fb3b1a426bc","confirmed_waiting_for_admin_approval","","","","0","0","","","","0","0","0","0","0",""
"OMS-2026-01894","SAFE","ALREADY_ROLLED_BACK (idempotent no-op)","0cf66346-2029-470f-955c-0244a9c01859","confirmed_waiting_for_admin_approval","","","","0","0","","","","0","0","0","0","0",""
"OMS-2026-01895","SAFE","ALREADY_ROLLED_BACK (idempotent no-op)","9514a978-c32a-42ce-b88a-669208f68b6b","confirmed_waiting_for_admin_approval","","","","0","0","","","","0","0","0","0","0",""
"OMS-2026-01896","SAFE","ALREADY_ROLLED_BACK (idempotent no-op)","700e4580-19f2-4ee4-a2fc-5714f994e2a0","confirmed_waiting_for_admin_approval","","","","0","0","","","","0","0","0","0","0",""
"OMS-2026-01897","SAFE","ALREADY_ROLLED_BACK (idempotent no-op)","530a853c-656f-4cb7-892a-4f2b99de468c","confirmed_waiting_for_admin_approval","","","","0","0","","","","0","0","0","0","0",""
"OMS-2026-01898","SAFE","ALREADY_ROLLED_BACK (idempotent no-op)","8fd1eafe-2db5-4a4b-b1f4-26f804976706","confirmed_waiting_for_admin_approval","","","","0","0","","","","0","0","0","0","0",""
"OMS-2026-01899","SAFE","ALREADY_ROLLED_BACK (idempotent no-op)","664c5cc4-f422-4fbd-9758-07c7a8d83f46","confirmed_waiting_for_admin_approval","","","","0","0","","","","0","0","0","0","0",""
"OMS-2026-01901","SAFE","ALREADY_ROLLED_BACK (idempotent no-op)","0e15e34e-a8e7-4245-8eaa-88d2ac681949","confirmed_waiting_for_admin_approval","","","","0","0","","","","0","0","0","0","0",""
"OMS-2026-01903","SAFE","ALREADY_ROLLED_BACK (idempotent no-op)","a0e5a063-6d62-4bff-ad21-05afef98ad32","confirmed_waiting_for_admin_approval","","","","0","0","","","","0","0","0","0","0",""
"OMS-2026-01904","SAFE","ALREADY_ROLLED_BACK (idempotent no-op)","c8cee159-5302-4e77-adfc-2f3be53b5ec4","confirmed_waiting_for_admin_approval","","","","0","0","","","","0","0","0","0","0",""
"OMS-2026-01905","SAFE","ALREADY_ROLLED_BACK (idempotent no-op)","1f455f22-dbd8-4211-b256-b77428c3a195","confirmed_waiting_for_admin_approval","","","","0","0","","","","0","0","0","0","0",""
"OMS-2026-01906","SAFE","ALREADY_ROLLED_BACK (idempotent no-op)","95829774-5f47-4e4c-96a6-ef3c311de246","confirmed_waiting_for_admin_approval","","","","0","0","","","","0","0","0","0","0",""